[
  {
    "imageUrl": "/images/custom-printed-package/custom-printed-package-01.webp",
    "alt": "custom-printed-package-01",
    "title": "Package 1",
    "subtitle": "1 Valance",
    "description": "Print one valance. Please choose the size, frame, and printing method based on your needs and budgets. We will reach out to you and make a free mockup for you before printing.",
    "url": "/products/custom-printed-package?id=61953",
    "asUrl": "/products/custom-printed-package/buy?id=61953"
  },
  {
    "imageUrl": "/images/custom-printed-package/custom-printed-package-02.webp",
    "alt": "custom-printed-package-02",
    "title": "Package 2",
    "subtitle": "4 Valances",
    "description": "Print four valances. Please choose the size, frame, and printing method based on your needs and budgets. We will reach out to you and make a free mockup for you before printing.",
    "url": "/products/custom-printed-package?id=62002",
    "asUrl": "/products/custom-printed-package/buy?id=62002"
  },
  {
    "imageUrl": "/images/custom-printed-package/custom-printed-package-03.webp",
    "alt": "custom-printed-package-03",
    "title": "Package 3",
    "subtitle": "4 Peaks",
    "description": "Print four peaks. Please choose the size, frame, and printing method based on your needs and budgets. We will reach out to you and make a free mockup for you before printing.",
    "url": "/products/custom-printed-package?id=62031",
    "asUrl": "/products/custom-printed-package/buy?id=62031"
  },
  {
    "imageUrl": "/images/custom-printed-package/custom-printed-package-04.webp",
    "alt": "custom-printed-package-04",
    "title": "Package 4",
    "subtitle": "1 Valance + 1 Peak",
    "description": "Print one valance + one peak. Please choose the size, frame, and printing method based on your needs and budgets. We will reach out to you and make a free mockup for you before printing.",
    "url": "/products/custom-printed-package?id=62060",
    "asUrl": "/products/custom-printed-package/buy?id=62060"
  },
  {
    "imageUrl": "/images/custom-printed-package/custom-printed-package-05.webp",
    "alt": "custom-printed-package-05",
    "title": "Package 5",
    "subtitle": "Full Roof",
    "description": "Print full roof (four valances + four peaks). Please choose the size, frame, and printing method based on your needs and budgets. We will reach out to you and make a free mockup for you before printing.",
    "url": "/products/custom-printed-package?id=62089",
    "asUrl": "/products/custom-printed-package/buy?id=62089"
  },
  {
    "imageUrl": "/images/custom-printed-package/custom-printed-package-06.webp",
    "alt": "custom-printed-package-06",
    "title": "Package 6",
    "subtitle": "1 Valance + 1 Peak + 1 Full Wall",
    "description": "Print one valance + one peak + one full wall (outside only). Please choose the size, frame, and printing method based on your needs and budgets. We will reach out to you and make a free mockup for you before printing.",
    "url": "/products/custom-printed-package?id=62118",
    "asUrl": "/products/custom-printed-package/buy?id=62118"
  },
  {
    "imageUrl": "/images/custom-printed-package/custom-printed-package-07.webp",
    "alt": "custom-printed-package-07",
    "title": "Package 7",
    "subtitle": "1 Valance + 1 Peak + 3 Full Walls",
    "description": "Print one valance + one peak + three full walls (outside only). Please choose the size, frame, and printing method based on your needs and budgets. We will reach out to you and make a free mockup for you before printing.",
    "url": "/products/custom-printed-package?id=62147",
    "asUrl": "/products/custom-printed-package/buy?id=62147"
  },
  {
    "imageUrl": "/images/custom-printed-package/custom-printed-package-08.webp",
    "alt": "custom-printed-package-08",
    "title": "Package 8",
    "subtitle": "Full Roof + 1 Full Wall + 2 Half Wall",
    "description": "Print full roof (four valances + four peaks) + one full wall (outside only) + two half walls (outside only). Please choose the size, frame, and printing method based on your needs and budgets. We will reach out to you and make a free mockup for you before printing.",
    "url": "/products/custom-printed-package?id=62205",
    "asUrl": "/products/custom-printed-package/buy?id=62205"
  },
  {
    "imageUrl": "/images/custom-printed-package/custom-printed-package-09.webp",
    "alt": "custom-printed-package-09",
    "title": "Package 9",
    "subtitle": "Full Roof + 2 Full Walls + 2 Half Wall",
    "description": "Print full roof (four valances + four peaks) + two full walls (outside only) + two half walls (outside only). Please choose the size, frame, and printing method based on your needs and budgets. We will reach out to you and make a free mockup for you before printing.",
    "url": "/products/custom-printed-package?id=62176",
    "asUrl": "/products/custom-printed-package/buy?id=62176"
  }
]
